first_name,last_name,phone,date
Shelby,Gonzalez,(997)-189-0069,1970/09/15
Jennifer,Rogers,(157)-133-8461,2004/01/24
Jermaine,Ferguson,(776)-720-0361,1992/04/18
Bethany,Baker,(150)-780-1318,1982/11/29
Shannon,Martinez,(993)-830-0497,1985/04/28
Kristine,Lawson,(849)-506-9761,2008/12/26
Robert,Evans,(414)-194-8408,2025/06/21
Marie,Knight,(648)-753-4265,2011/10/22
Mary,Adams,(907)-328-7265,2014/10/29
Christopher,Galvan,(622)-256-5150,2013/12/09
Catherine,Cooper,(721)-325-9138,2020/11/23
Gregory,Medina,(749)-120-4012,2012/04/23
Kimberly,Colon,(840)-201-5018,1998/08/22
Patricia,Harrison,(241)-531-4208,2017/07/27
Brianna,Garcia,(353)-879-6168,2019/11/20
Garrett,Sanchez,(619)-461-0074,1983/08/12
Lisa,Golden,(638)-207-5748,1996/11/24
Lisa,Hubbard,(855)-364-0750,1985/11/06
Carol,Sanford,(808)-586-1244,2004/10/17
Whitney,Smith,(910)-709-1733,1974/01/23
Shawn,Brown,(431)-087-1234,1992/04/01
Valerie,Murphy,(968)-799-3979,1979/03/05
Jasmine,Wilson,(276)-748-3533,1989/02/06
Janet,Nelson,(221)-636-7063,1983/05/29
David,Campbell,(391)-455-0239,2022/10/06
Felicia,Lopez,(965)-557-6863,2024/06/08
John,Marsh,(173)-138-3467,2018/08/25
Kevin,Thompson,(324)-548-4540,1995/03/03
Jeffrey,Jenkins,(450)-074-7364,2019/02/05
Anthony,Brown,(590)-537-0721,1988/03/30
Kimberly,Allen,(436)-224-7024,1994/02/07
Ronald,Clark,(996)-780-9661,1984/04/08
Daniel,Irwin,(338)-695-6751,1998/03/16
Michelle,Lin,(306)-373-2703,2005/01/11
Anthony,Harvey,(107)-475-3568,2018/03/08
Nicholas,Mueller,(665)-320-5124,1973/06/08
James,Miller,(761)-504-1021,1999/06/29
Sandra,Robles,(133)-272-4263,1973/09/18
Denise,Gonzalez,(197)-851-7193,2003/11/16
Marcus,Fritz,(960)-447-9285,2007/04/27
Ricardo,Lucas,(418)-065-1537,1982/11/11
Andrew,Walker,(832)-420-2537,1987/10/06
Shane,Orozco,(622)-097-0561,2020/02/15
David,Randolph,(741)-704-7883,2011/03/30
Cindy,Harvey,(100)-536-1181,1981/12/20
Leslie,Silva,(333)-862-1829,1998/08/07
Dana,Foster,(542)-471-4093,1991/10/09
Michael,Evans,(787)-881-6631,2012/03/23
Julie,Ford,(146)-461-8173,1984/05/11
Janice,Cabrera,(691)-060-6823,1993/09/14
Jessica,Stewart,(908)-224-6281,1978/12/22
Lawrence,Brennan,(429)-564-0410,2016/10/04
Matthew,Moses,(184)-871-6366,1985/07/01
Donald,Elliott,(917)-277-4060,1990/12/14
Pamela,Wu,(495)-310-0078,1999/07/02
Jane,Porter,(487)-297-5667,1997/05/14
Zachary,Hunter,(585)-520-7851,2009/07/01
Evan,Willis,(320)-820-1490,2020/01/15
Crystal,Thomas,(775)-672-8565,1992/03/22
John,Wilson,(385)-536-8027,2025/10/16
Meghan,Hall,(456)-346-3015,2021/02/28
Eric,Solis,(633)-100-0912,1970/09/06
Heather,Gutierrez,(266)-884-8365,1990/10/28
Joshua,Avery,(875)-336-1624,2021/06/20
Kyle,Mullins,(398)-087-2320,1983/12/26
Joanna,Perez,(122)-801-0293,2003/09/09
William,Williams,(639)-192-2177,1983/06/20
Anthony,Bailey,(288)-051-0302,1971/07/03
Brent,Bray,(377)-595-5879,2010/09/27
Alexandra,Barrera,(560)-025-2163,2007/07/05
Patricia,Best,(327)-637-6066,2015/03/10
Kathy,Young,(210)-244-5127,2000/06/03
Samuel,Blackburn,(831)-482-0146,1992/08/26
Jeffrey,Hernandez,(242)-283-8698,1990/12/30
Jennifer,Little,(488)-602-3162,2003/07/04
Dawn,Finley,(289)-776-5292,1992/07/11
Joshua,Romero,(643)-101-6157,2011/08/16
Victor,Blankenship,(653)-348-2168,2019/04/12
Matthew,Long,(316)-641-1847,2022/07/13
Jessica,Hurst,(387)-296-2869,1971/10/27
Gregory,Morris,(685)-840-2383,2004/05/30
Stephanie,Fischer,(155)-498-6249,2011/02/15
Joseph,Hall,(819)-234-3437,2005/04/10
Kimberly,Fitzgerald,(594)-850-5541,2009/05/18
Jeffrey,Hoffman,(166)-817-2771,1970/11/09
Emma,Pierce,(233)-346-3542,2020/11/29
Richard,Hernandez,(673)-364-2672,1978/08/30
Shannon,Rivera,(441)-012-6599,1983/11/29
Rachel,Scott,(503)-247-4336,2021/05/22
Jennifer,Green,(679)-529-3417,2008/03/23
Chris,Bradley,(664)-764-3827,2022/02/09
Edward,Hamilton,(105)-001-6527,1973/06/25
Kyle,Blevins,(753)-003-2691,1991/02/13
Norman,Johnson,(183)-497-0320,1987/07/08
Anthony,Johnson,(787)-820-2451,2004/04/03
Valerie,Reynolds,(814)-304-4696,2012/11/19
Tamara,Salinas,(821)-309-8291,1985/04/08
Christopher,Fowler,(241)-880-6824,2017/01/31
Scott,Schwartz,(809)-866-1052,2008/07/16
Christopher,Marshall,(735)-645-9132,2019/05/27
Brianna,Simmons,(889)-486-9155,1984/10/14
Kevin,Lyons,(890)-842-5480,2004/09/13
Christopher,White,(998)-759-6722,1992/02/02
James,Crawford,(155)-765-8150,2019/12/19
Ryan,Stanton,(951)-092-1494,2011/03/01
Lance,West,(192)-487-5830,1981/08/20
Jasmine,Rice,(934)-775-5340,1981/05/21
Ashley,Turner,(174)-460-9566,1971/11/01
Michelle,Lyons,(164)-288-4367,2015/07/10
Brenda,Wilkerson,(601)-031-5167,2005/04/24
Justin,Ponce,(136)-135-8288,2009/03/08
Carol,Meyer,(553)-005-7153,2008/03/07
Jacob,Castillo,(380)-371-6916,1983/09/30
Janice,Watson,(623)-094-1335,2010/07/30
Jennifer,Lara,(587)-759-9582,1983/03/18
William,Humphrey,(746)-605-6924,1988/03/10
Tara,Griffin,(235)-089-1806,2022/09/26
Henry,Lopez,(937)-069-0111,2004/02/10
David,Lane,(181)-738-6375,2023/07/21
Rebecca,Taylor,(394)-217-6569,2005/07/18
April,Hunter,(184)-502-8159,2021/08/09
Glenn,Elliott,(259)-735-8572,1983/11/23
Clarence,Jordan,(848)-359-5995,2025/01/23
Nicole,Espinoza,(349)-376-7454,1987/09/16
Michael,Fletcher,(244)-130-7019,1994/05/01
John,Nash,(673)-112-4994,2021/05/19
Leroy,Cervantes,(565)-851-5938,2014/06/13
Gregory,Mejia,(805)-816-1871,1998/07/02
Patrick,Salas,(772)-059-7464,2019/10/08
Lauren,Cruz,(291)-504-0215,2006/11/17
Daniel,Dennis,(730)-066-9847,2006/03/31
Andrew,Wilson,(957)-853-0329,2007/04/14
Mark,Clark,(631)-057-9978,1987/01/26
Marie,York,(568)-102-2297,1995/09/11
Katelyn,Goodwin,(952)-611-8736,1999/03/31
Cassandra,Sellers,(799)-503-1806,2018/05/26
Mary,Sanchez,(291)-846-5038,2021/02/25
Elizabeth,Jenkins,(236)-597-0756,2008/09/15
Wendy,Hughes,(948)-025-3780,2002/05/14
Anthony,Anderson,(982)-341-2031,2025/08/12
Danielle,Taylor,(328)-596-7967,1994/10/25
William,Warner,(776)-455-3235,1985/11/29
Kenneth,Allison,(273)-346-0229,1974/05/28
Michael,Rocha,(784)-229-7270,1995/06/27
Tina,Miller,(890)-382-1837,1991/06/27
Tristan,Anderson,(921)-499-6398,1990/12/25
Michael,Lopez,(717)-071-5067,2018/01/16
Austin,Smith,(280)-354-1595,2009/06/23
Rachel,Wu,(982)-276-5192,2000/03/17
Manuel,Romero,(737)-441-0762,1987/03/08
Brett,Rivera,(966)-339-0491,1978/10/28
Jamie,Young,(570)-308-2377,1991/08/22
Brenda,Adkins,(455)-853-7717,2014/04/04
Eric,Diaz,(675)-408-1440,1993/04/05
Renee,Smith,(930)-350-5953,1978/10/06
Nicole,Bennett,(110)-481-6878,1995/01/26
Brady,Greene,(605)-133-9560,2023/06/17
Catherine,Frye,(738)-515-0195,2014/02/18
Brandon,Walker,(949)-500-3181,1973/12/23
Ashley,Wilson,(882)-163-9213,1978/04/08
Jack,Cole,(536)-771-9444,2002/05/21
Eric,Serrano,(537)-649-4114,2009/03/08
Vanessa,Bonilla,(179)-055-6331,1978/10/16
Jacqueline,Washington,(794)-624-7701,2011/01/28
Theresa,Brooks,(985)-436-6313,1993/12/13
Brian,Smith,(574)-095-3338,2023/09/22
Diane,Collins,(613)-707-7980,2019/03/06
Tracey,Stokes,(588)-284-8655,1974/11/29
Anthony,Davis,(982)-248-9860,1981/09/23
Steven,Davis,(592)-461-2109,1977/12/31
Ashley,Stokes,(488)-497-7600,1971/10/20
Angela,Smith,(255)-869-3842,1985/12/11
Richard,Hunt,(435)-584-2715,2010/06/14
Danielle,Conner,(693)-865-5879,1982/03/15
Mark,Valenzuela,(913)-377-1488,2000/05/09
Lauren,Burton,(389)-470-1165,2017/02/04
Brent,Butler,(962)-275-8861,1984/03/04
Victor,Thompson,(564)-366-1061,1998/11/05
David,Williams,(596)-282-7497,1981/12/07
Thomas,Hart,(975)-492-4816,1979/10/08
Laura,Miranda,(620)-787-2668,1992/01/09
Heidi,Perry,(783)-035-7253,2003/05/16
Frank,White,(906)-131-8064,1987/01/02
Jacob,Benson,(677)-231-7120,1999/12/08
Joshua,Hutchinson,(481)-352-6598,1972/11/28
Matthew,Turner,(592)-831-9729,1999/10/23
Michael,Castro,(179)-238-9811,2016/12/05
Jason,Jacobs,(556)-531-7770,2011/12/24
Kayla,Stone,(672)-018-5605,1993/05/02
Morgan,Turner,(954)-614-3521,2008/04/02
Meredith,Torres,(416)-438-8968,2022/10/10
Donald,Hall,(908)-236-2991,1986/05/12
Clinton,Harris,(536)-660-9785,1980/04/02
Courtney,Howard,(377)-686-6156,2001/04/06
Rebecca,Jimenez,(261)-759-0368,2006/11/16
Elizabeth,Sparks,(894)-565-4367,1994/02/11
Michael,Schneider,(263)-102-7119,1977/12/21
Eric,Lane,(384)-592-9489,1993/05/14
Rachel,Miller,(567)-815-9260,2013/04/14
Raymond,Welch,(868)-227-0251,2013/12/10
Tracy,Cook,(647)-060-0274,1977/08/02
Timothy,Paul,(553)-161-2908,2012/01/23
Tyler,Mendez,(521)-111-3468,1986/04/21
Timothy,Burton,(263)-535-2100,1982/01/08
Allison,Reed,(931)-533-5617,1974/11/21
Amber,Rios,(956)-870-1553,1978/05/15
Angela,Gardner,(512)-065-3592,2010/07/15
Erik,Delacruz,(761)-656-6294,2016/05/30
Suzanne,Baird,(621)-775-1548,1986/12/09
Bryan,Chavez,(191)-645-5875,1973/07/21
Kevin,Smith,(389)-771-1811,1993/07/27
Jeffery,Ross,(415)-174-1859,2019/12/14
Travis,Rose,(687)-546-9387,2022/10/08
James,Acevedo,(557)-253-7723,2019/12/28
Adrian,Cross,(318)-848-9646,1984/11/29
Ryan,Castro,(729)-457-5994,2016/07/19
Cindy,Peters,(512)-331-8181,2023/11/27
Anna,Campbell,(399)-878-7712,2008/06/21
Teresa,Nelson,(826)-674-2005,1987/03/08
Kimberly,Aguirre,(370)-033-2508,2015/03/25
Trevor,Moody,(586)-773-9288,1997/08/17
Dean,Frederick,(520)-262-2346,2020/02/22
Daniel,Moore,(828)-198-9193,1992/02/10
Rodney,Powell,(621)-738-1346,2022/07/06
Javier,Thomas,(141)-471-1383,1994/10/04
Robin,Jensen,(577)-806-5186,1981/08/02
Benjamin,Trujillo,(364)-143-5228,1988/04/10
Brandon,Mack,(901)-264-4678,1970/07/16
Michael,Banks,(237)-293-8998,1979/08/02
Glen,Sosa,(815)-876-2832,1980/01/19
Mark,Ellison,(809)-336-6065,1989/08/08
Kimberly,Mitchell,(460)-473-8500,1996/09/09
Joe,King,(537)-629-9315,1991/05/06
Jeremy,Meyers,(265)-733-2545,2023/06/15
Eric,Cole,(132)-736-3655,1986/11/13
Amber,Thompson,(938)-418-1795,2006/11/16
Martha,Bradshaw,(690)-097-0396,2024/05/04
Regina,Morton,(554)-260-1274,1997/05/22
Kelly,Cobb,(684)-529-7990,1973/02/20
Laurie,Jenkins,(639)-231-7452,2019/01/31
Christopher,Lara,(295)-545-9013,1979/01/17
Jerry,Thornton,(579)-199-4149,1976/09/20
Douglas,Baker,(799)-081-6373,2014/08/31
Chelsea,Odonnell,(594)-863-3386,2003/07/16
Anna,Weber,(407)-826-3113,1993/08/30
Gregg,Lucero,(991)-275-9178,1982/05/24
Ann,Parrish,(607)-078-3217,1987/01/10
Alison,Kelley,(737)-252-3204,1997/12/01
Anthony,Mccall,(142)-172-0367,1994/05/26
Rachel,Rodriguez,(782)-605-9004,1993/03/24
Joshua,Williams,(618)-816-1827,2012/04/02
Jamie,Chavez,(761)-594-5752,1976/12/30
Nathan,Hughes,(870)-553-2182,1999/07/11
Matthew,Perez,(985)-159-0333,1989/11/11
Isaac,Smith,(783)-643-8768,1979/08/07
Thomas,Taylor,(738)-730-6579,1983/11/25
Ryan,Owens,(853)-785-4813,1981/09/20
Robin,Gill,(602)-480-6054,1988/10/05
Tina,Gallegos,(892)-665-6849,2023/01/30
Michelle,Martinez,(927)-076-6173,1995/04/06
Cindy,Curtis,(948)-203-2776,2002/02/13
Sandra,Hernandez,(441)-865-4564,2002/06/23
Christian,Anderson,(953)-635-6652,1984/05/03
Kevin,Flores,(731)-342-7127,1998/09/06
Robert,Guzman,(966)-807-7069,2013/10/08
Rebecca,Smith,(904)-664-3853,1975/08/29
Traci,Branch,(627)-146-9719,2004/06/11
Alexander,Henry,(742)-338-6008,2022/03/09
Nathan,Rangel,(550)-564-9853,2000/08/09
Jennifer,Bradford,(622)-019-3254,2018/09/03
Rachel,Robertson,(399)-823-7721,2000/03/06
Kimberly,Stephens,(161)-492-8248,2021/09/28
Lisa,Garcia,(896)-075-4279,1973/01/25
Robert,Collins,(251)-417-0171,1972/11/10
Joseph,Hall,(850)-606-8794,2004/08/19
Katherine,Humphrey,(659)-017-4704,2004/04/12
Susan,Peterson,(280)-883-9631,1997/12/02
Vincent,Jacobs,(677)-592-5417,1983/09/24
Christopher,Wright,(147)-379-1621,1981/02/05
Kenneth,Young,(485)-363-6919,2013/02/26
Seth,Carroll,(274)-129-1059,2016/10/09
Christine,Doyle,(553)-568-3044,1970/05/06
Laura,Barber,(860)-821-1143,2000/11/21
Timothy,Lopez,(314)-811-8207,1989/06/22
David,Blackwell,(461)-350-8392,1977/10/20
Christina,Lawson,(565)-366-9762,2010/06/22
Jesse,Lewis,(363)-119-7339,2024/05/12
Christopher,Patel,(721)-870-8910,1991/05/24
Isabel,Howard,(353)-797-6958,1975/05/11
Shawn,Williams,(748)-658-2521,1974/12/25
Brandon,Thomas,(491)-329-4894,1998/01/26
Trevor,Miller,(950)-804-4322,2004/11/06
Christopher,Kaufman,(368)-267-9360,2013/01/13
Heather,Jackson,(157)-668-1040,2018/03/11
Rachel,Baker,(411)-204-1645,2001/12/03
Kimberly,Rowe,(784)-694-0321,2021/11/02
Cynthia,Jones,(267)-453-4139,2003/04/01
Nicholas,Strickland,(168)-041-1813,2012/06/26
Alyssa,Sanders,(625)-553-8013,1997/04/17
Tiffany,Chapman,(970)-214-6123,1997/08/23
Aaron,Hernandez,(920)-027-7549,2020/11/22
Brittany,Kelly,(399)-135-6419,1980/03/06
Cassandra,Kelly,(687)-729-3994,1984/05/13
Vanessa,Lee,(892)-358-6987,2024/02/09
Christian,Yates,(956)-745-5857,1977/05/17
Matthew,Smith,(733)-722-9113,2017/06/18
Austin,Glover,(612)-133-1825,1990/02/15
Kimberly,Howard,(925)-442-9529,1972/08/15
Stephanie,Bryant,(925)-754-9021,2020/02/08
Nichole,Rios,(539)-573-0440,1972/02/15
Jennifer,King,(504)-768-6885,1996/09/11
Tracey,Hunt,(401)-789-3706,2002/12/23
Sarah,Reese,(351)-519-2158,2015/08/02
Krystal,Nichols,(535)-279-3193,2014/11/25
Kerri,Williams,(140)-771-2235,2001/10/09
Mike,Cisneros,(997)-758-5480,1981/04/21
Sharon,Moreno,(387)-305-0451,2000/07/25
Taylor,Larsen,(145)-404-2299,1980/03/01
James,Sparks,(405)-368-9814,1989/12/18
Anthony,Horne,(511)-079-4049,1974/03/23
Kathy,Campbell,(151)-188-4534,1978/08/25
Michael,Mills,(576)-751-6087,2003/09/08
Nicole,Mccullough,(225)-175-0437,1975/01/15
William,Miller,(727)-095-2351,1982/05/03
Mark,Pratt,(775)-619-2140,2001/01/16
Diana,Fisher,(920)-408-6131,2018/09/30
Robert,Shepard,(445)-008-2457,1991/05/11
Gregory,Novak,(512)-225-8999,1986/09/06
Daniel,Bender,(941)-313-4102,2005/09/18
Kristen,Jones,(546)-448-8236,2013/09/28
Wanda,Jenkins,(775)-106-8545,1983/05/04
Erin,Smith,(781)-269-4858,2013/04/20
Jason,Hampton,(561)-444-3845,2012/08/10
Eric,Clark,(428)-858-8628,2007/09/07
David,Morrison,(871)-471-8927,2005/06/04
Stephen,Garcia,(870)-605-4523,1995/01/07
Jennifer,Kelly,(863)-834-0930,2021/05/27
Crystal,Williams,(968)-814-7688,1987/03/19
Laura,Nichols,(428)-855-6062,2013/07/23
Jane,Trevino,(558)-387-2193,1975/10/05
Julie,Black,(571)-314-4341,2004/04/02
Brian,Turner,(381)-807-9462,1984/04/10
Carolyn,Chavez,(317)-515-8867,2024/12/19
Amy,Pace,(563)-228-4944,2012/03/30
Tonya,Cervantes,(436)-190-5066,1991/10/14
Dustin,Weber,(696)-752-7192,2010/12/08
Theresa,Hill,(888)-589-4035,2015/06/09
Amy,Richardson,(500)-630-4281,2000/10/27
Sergio,Austin,(545)-790-0183,2003/05/01
Dana,Perkins,(518)-057-7662,2015/01/24
Robert,Krueger,(301)-555-1482,2024/09/05
Cheryl,Duncan,(499)-033-0378,1973/03/15
Daniel,Hunter,(161)-761-0938,1986/10/26
Heather,Baker,(384)-315-0445,2004/08/14
Melissa,Sims,(132)-106-6197,1989/10/31
Leslie,Beck,(209)-477-5905,1982/03/19
David,Williams,(942)-857-6117,1982/05/28
Chloe,Adams,(837)-370-0327,2003/05/26
Hector,Holland,(352)-097-8499,1992/09/07
Garrett,Macdonald,(305)-707-1748,2025/01/23
Katherine,Gill,(359)-515-1069,2005/09/25
Brian,Williams,(879)-127-3799,2006/09/07
Eric,Williams,(238)-108-7012,1991/12/04
Kathryn,Campbell,(593)-449-1501,1999/05/13
Cindy,May,(281)-222-3094,1988/05/12
Levi,Thompson,(933)-690-6276,1978/12/05
Christine,Meadows,(980)-402-3465,2009/01/24
Christian,Brooks,(525)-710-7847,2005/08/13
Chad,Henderson,(384)-424-1540,2001/05/25
Jimmy,Chase,(905)-262-2359,2012/05/28
Nicole,Vargas,(525)-507-0267,1981/01/11
Cindy,Brown,(285)-788-5489,1981/10/22
Veronica,Alvarez,(780)-012-9274,2008/12/21
Brittany,Murphy,(920)-496-1963,2024/09/13
Sharon,Cameron,(342)-727-7448,2002/05/05
Crystal,Day,(465)-048-4284,2019/07/19
Michelle,Walker,(811)-315-6548,2009/01/21
Jill,Cook,(352)-188-9619,1993/06/17
Donna,Morrison,(420)-355-7788,1985/10/28
Billy,Cole,(345)-610-2458,1997/03/13
Cynthia,Joseph,(867)-769-7846,1974/12/23
Christine,Wheeler,(583)-651-0008,1994/08/16
Kurt,Powell,(697)-074-0151,1988/02/07
Kimberly,Mooney,(287)-849-8724,2020/03/27
Joshua,Ayala,(461)-667-2317,1986/12/04
Andrew,Ingram,(205)-352-3729,1990/05/20
Kyle,Montoya,(281)-028-1193,2019/10/26
Wesley,Campbell,(161)-420-1077,1981/11/27
Lisa,Logan,(194)-379-3619,1988/03/25
Darren,Hendricks,(421)-144-5789,2020/10/11
Susan,Tucker,(742)-057-5076,1973/09/13
Ashley,Anderson,(767)-829-4121,1973/01/09
Bobby,Stone,(486)-097-6447,1974/08/23
Jessica,Hernandez,(390)-055-0588,1994/08/15
Danny,Juarez,(683)-109-3643,1982/11/05
Bryan,Little,(732)-767-5309,1988/02/18
Rose,Davis,(845)-351-1965,2011/05/15
Julia,Hall,(724)-634-1410,2019/03/20
Tina,Gregory,(171)-324-5987,1993/03/22
Latasha,Winters,(712)-292-3379,1995/08/09
John,Riley,(275)-516-0010,2018/10/14
Samantha,Hanson,(616)-580-7369,1975/01/26
Jonathan,Glenn,(451)-601-9399,1989/01/10
Diana,Alvarez,(456)-348-0256,1997/03/03
Michael,Reed,(759)-855-3983,2022/02/14
Aaron,Miller,(992)-131-0658,1991/04/03
Troy,Richards,(850)-135-7919,2008/07/27
Michael,Wiley,(480)-766-7474,1996/02/09
Jason,Armstrong,(911)-006-1584,1998/01/12
Dillon,Perry,(225)-651-0369,2023/02/06
Debra,Hughes,(823)-830-7454,1975/10/29
Robin,Wagner,(840)-457-4403,1995/02/03
Marcia,Howe,(109)-824-0136,1985/11/25
Cassandra,Jackson,(439)-585-3525,1983/08/17
Joshua,Avila,(601)-189-2842,2012/02/01
Lisa,Guerra,(435)-592-8063,2018/04/07
Heidi,Garcia,(483)-671-9462,1996/09/25
Kelli,Wolf,(477)-887-1814,2016/02/09
Kimberly,Brown,(791)-733-3746,1999/09/21
Teresa,Davis,(598)-536-7715,2023/05/09
Randall,Foster,(334)-853-6390,2003/04/10
Ashley,Joseph,(958)-452-3403,2025/06/07
Gary,Guerrero,(801)-636-2075,1991/02/27
James,Ellis,(992)-489-8971,2005/11/10
Heather,Carter,(487)-453-9880,2013/03/28
Mackenzie,Brooks,(608)-787-1242,2021/10/05
Ian,Cooley,(341)-754-0331,2019/11/09
Joseph,Adkins,(927)-681-4402,1984/11/03
Mary,Choi,(506)-459-3386,2015/08/28
Charles,Dunlap,(389)-069-7352,2007/03/02
David,Schaefer,(567)-020-6098,1974/07/01
Barbara,Nelson,(272)-171-0145,1996/12/23
Mitchell,Conley,(683)-423-8286,1988/03/13
Evan,Griffith,(504)-821-8495,2013/05/03
Zachary,English,(674)-491-0804,2018/10/27
Patrick,Wallace,(546)-680-2055,2019/03/30
Anne,Atkinson,(585)-605-4323,1974/09/22
Frank,Hinton,(892)-138-2200,1982/09/02
Alyssa,Mitchell,(431)-875-4149,1990/03/07
Marcus,Mccann,(759)-187-0536,1976/12/19
Ashley,Long,(771)-268-0503,2022/09/05
Keith,Brown,(941)-809-4856,1986/01/21
Sheila,Hamilton,(249)-785-2127,1988/05/21
Catherine,Johnson,(606)-310-1860,1978/05/13
Brandon,Graham,(971)-469-9537,1986/03/28
Michael,Ayala,(551)-663-9745,1988/12/30
David,Thomas,(284)-442-4786,1999/06/01
Anthony,Shepard,(343)-637-3045,2010/04/10
Meagan,Duncan,(610)-406-5679,1979/11/04
James,Noble,(434)-865-7353,2016/09/14
Jeffery,Young,(593)-251-5248,2015/10/07
Kimberly,Jones,(540)-696-3516,1976/12/17
Aaron,Wolf,(138)-113-1668,1990/02/02
Alexander,Perkins,(114)-154-6657,1994/07/25
Jill,Douglas,(151)-100-3484,1981/06/04
Jason,Morales,(260)-149-9542,2025/03/31
Steven,Mcintyre,(783)-126-1625,2012/05/13
Steven,Wood,(421)-306-5590,1991/11/19
Theodore,Simpson,(403)-511-5790,1980/08/03
Jack,Raymond,(204)-711-1176,1992/08/30
Erica,Hess,(135)-166-3472,1971/04/21
Kristen,Mason,(542)-815-2448,1974/08/05
Nicole,Ellis,(605)-675-2052,1996/03/15
James,Baldwin,(616)-392-2614,1970/08/31
Heather,Macias,(985)-711-9990,1994/04/23
Melissa,Adams,(988)-191-5803,1979/02/01
Michael,Vargas,(831)-577-9503,2002/11/07
Melissa,Butler,(357)-659-4368,1970/10/28
Carolyn,Cooper,(800)-873-2080,1975/06/28
Lisa,Gray,(995)-228-7636,1988/06/15
Ashley,Weaver,(304)-772-8549,1999/09/09
Joseph,Howard,(558)-571-6850,1975/06/04
Phillip,Evans,(322)-211-9875,1991/10/30
Steven,Berg,(805)-046-8708,1988/03/08
Matthew,Collins,(665)-882-7019,1980/04/16
Tracy,Roberts,(350)-462-3825,2009/06/11
Stefanie,Burnett,(502)-464-8072,2005/07/31
Krystal,Adams,(262)-647-7218,2007/01/09
Joshua,White,(426)-155-5567,2005/11/12
Michelle,Whitehead,(516)-455-5087,2017/06/23
Denise,Ford,(417)-352-2175,2000/05/06
Michael,Pratt,(981)-757-5637,2021/07/25
Austin,Vincent,(918)-332-6301,2011/10/20
Kenneth,Payne,(277)-268-9261,2000/12/19
Joseph,Brown,(354)-032-2011,2015/06/09
Hayden,Collier,(486)-243-1799,1997/03/12
Diane,Ritter,(449)-411-8307,2007/06/19
Natalie,Wells,(623)-030-9478,1973/04/21
James,Sanchez,(641)-640-1067,1988/11/06
Tamara,Garza,(248)-076-0227,2000/08/09
Matthew,Mckinney,(236)-278-4413,1978/09/01
Lauren,Wise,(479)-160-7097,2002/02/15
Antonio,Marshall,(820)-412-0062,2021/02/18
Lawrence,Guerrero,(789)-399-5857,1991/04/04
James,Rogers,(746)-297-0134,1986/11/18
Abigail,Greene,(279)-777-7935,1992/12/25
Traci,Flowers,(778)-785-2583,1997/06/25
Cheryl,Dougherty,(421)-452-3735,1977/06/01
Joshua,Sweeney,(489)-462-6120,2015/10/23
Stephen,Long,(203)-710-4067,1987/12/12
Amy,Gentry,(594)-060-0858,2025/07/20
Jeremy,Smith,(563)-832-3025,2006/12/08
Carrie,Roberts,(118)-458-8269,1974/07/01
Shelley,Bullock,(565)-695-3273,1973/04/28
Jennifer,Nichols,(480)-401-8806,2017/07/26
Robert,Kennedy,(385)-414-4548,1978/11/04
James,Warren,(212)-575-7478,2020/02/26
Patricia,Stephenson,(447)-070-5250,1999/09/20
Jeffrey,Kennedy,(838)-686-9899,2011/06/12
Jonathan,Klein,(699)-625-6036,2001/04/14
Willie,Watson,(380)-501-2948,1979/10/22
Mike,Gibson,(863)-866-7053,2008/05/27
Adrian,Bailey,(110)-622-0115,1976/01/02
Melanie,Castillo,(105)-644-4567,1990/02/09
Melissa,Bond,(102)-479-1776,1992/11/04
Marcus,Roy,(145)-547-4834,2000/11/25
James,Edwards,(937)-052-5333,2023/08/21
Jason,Woods,(901)-448-2724,2001/05/27
Thomas,Odonnell,(945)-033-7170,1997/06/10
Chelsea,Powers,(405)-534-9087,2013/06/21
Helen,Faulkner,(732)-169-0132,1978/08/22
Erin,Mcdowell,(959)-576-0989,2019/12/04
Luis,White,(426)-029-8550,1994/11/30
Matthew,Jones,(618)-323-1810,1973/07/18
Jason,Harris,(666)-234-9341,1998/01/23
Tyler,Lewis,(380)-649-7554,2022/09/28
Courtney,Watkins,(807)-324-2170,2005/11/12
Jeffrey,Palmer,(613)-318-3212,2000/06/18
Sean,Howard,(390)-121-0131,1989/07/22
Lisa,Turner,(387)-180-3049,2008/08/11
Adrian,Schultz,(970)-256-0170,1979/01/03
Elizabeth,Jones,(307)-609-4382,1980/09/14
Jennifer,Hughes,(766)-615-2384,2010/09/01
Cody,Hodge,(628)-799-6640,2003/07/25
Todd,Smith,(849)-401-6720,1994/03/20
Miguel,Gonzalez,(889)-002-5821,1971/02/26
Michael,Wilson,(862)-739-4179,1996/06/16
Nathan,Conner,(149)-553-9389,2000/03/14
Jessica,Johnson,(301)-215-3566,2014/11/26
Susan,Hill,(732)-088-1295,2004/08/23
Michael,Hall,(397)-516-7605,1984/01/25
Janet,Jones,(745)-129-1337,2013/06/14
Julian,Rodriguez,(812)-437-1953,2008/08/19
Theresa,Holmes,(973)-688-5477,2019/01/02
Ashley,Wood,(940)-333-0195,1984/12/11
Martha,Howard,(957)-823-8276,2022/04/26
Cody,Dean,(842)-149-0073,1995/12/26
Heidi,Arnold,(950)-063-5874,1996/09/01
Lori,Goodman,(386)-704-5001,1989/03/26
Michael,Nelson,(751)-203-2308,1975/05/20
Kristin,Anderson,(157)-382-2221,1980/04/26
Alexandria,Brown,(378)-887-1130,1994/03/04
Connie,Johnson,(710)-540-5891,2012/04/07
Anthony,Matthews,(566)-449-8415,2024/04/13
Joseph,Gray,(212)-060-5150,1979/08/29
Rodney,Butler,(299)-056-4023,2019/02/17
David,Goodman,(517)-570-5547,1984/07/23
Shawn,Chandler,(115)-423-1556,1985/01/19
Shawn,Kelly,(123)-202-4387,2018/09/05
Erin,Hernandez,(828)-536-4995,2016/02/22
Michael,Green,(755)-671-8203,2015/05/17
Michael,White,(435)-382-4776,2003/02/24
Jeremy,Mason,(766)-192-5500,1988/03/14
Sara,Long,(505)-801-0197,2019/12/14
Jeff,Johnston,(807)-144-4133,2001/03/02
Christian,Singh,(994)-467-7301,1991/01/10
Pamela,Miller,(708)-309-0764,2021/07/24
Lisa,Lynn,(364)-536-7985,2019/08/14
Joseph,Hall,(636)-549-1659,2020/07/17
Travis,Butler,(306)-734-4358,2004/07/12
Michael,Collins,(857)-162-7409,1975/04/06
Matthew,Huang,(125)-868-4660,1977/09/11
David,Reynolds,(326)-501-8759,1971/09/26
Tracey,Mclaughlin,(240)-486-9094,2021/10/09
Shelby,Green,(690)-868-1890,2014/03/24
Amber,Kennedy,(744)-751-7937,2024/09/12
Ellen,Shaw,(785)-624-0079,1970/04/15
Cody,Gonzalez,(134)-750-4764,1991/09/27
Deborah,Hernandez,(868)-416-1714,2006/12/09
Kelli,Lynch,(657)-760-5183,1983/03/31
Savannah,Moore,(166)-134-5612,2013/05/10
Melissa,Diaz,(810)-645-8379,1987/02/24
Gregory,Richardson,(412)-742-6686,1983/03/17
Amanda,Olson,(710)-854-3224,2020/04/06
Lori,Gutierrez,(530)-605-9822,1994/11/06
Michael,Brown,(570)-177-5493,1983/06/29
Kelly,Bryant,(490)-861-8645,2013/12/20
Dawn,Hudson,(287)-502-1032,1978/06/22
Aaron,Hess,(556)-583-2535,1991/09/28
Mark,Lewis,(330)-328-5149,1970/04/15
Glenn,Snyder,(426)-722-1706,2002/01/06
Darlene,King,(769)-634-2301,1998/07/26
Raymond,Odom,(810)-822-4550,1992/09/30
Raymond,Hurst,(113)-228-7842,2022/07/12
Mark,Moreno,(621)-861-7953,1983/06/05
Leah,Morgan,(975)-375-8094,2002/06/14
Anthony,Jones,(174)-485-2488,1995/03/15
Angel,Palmer,(566)-149-5891,1993/10/12
Lauren,Nguyen,(715)-387-8844,2024/07/15
John,Anderson,(249)-795-3747,1973/05/21
Ashley,Fischer,(394)-591-5345,1981/04/03
Angela,Thompson,(928)-776-9927,1977/07/13
Krystal,Vincent,(797)-670-4280,1986/04/01
Lindsey,Salas,(926)-836-2201,1992/07/04
Stephanie,Medina,(429)-270-1029,1998/03/08
John,Gutierrez,(390)-653-8840,1997/11/10
Jennifer,Bradshaw,(837)-607-2831,1986/01/06
Melody,Smith,(783)-428-2626,1972/05/02
Isaac,Cox,(478)-496-3282,2014/02/11
Jose,Mitchell,(399)-781-0527,2014/02/02
David,Reyes,(606)-315-2864,1979/07/09
Frederick,Scott,(339)-524-5008,2006/11/13
Randy,Bishop,(823)-540-5293,2022/01/26
Joshua,Rodriguez,(832)-117-9255,1979/07/04
Heidi,Mullins,(299)-690-9243,2009/02/16
Anna,Harris,(981)-602-7012,1980/07/13
Tracy,Coleman,(542)-569-4728,2023/06/29
Jesus,Hayes,(495)-709-6604,1978/07/04
Brittany,Jackson,(853)-150-7280,1970/02/11
Mark,Brown,(820)-821-3460,1975/04/18
Regina,Neal,(395)-233-5850,1986/01/24
Jennifer,Arnold,(496)-242-5356,2001/11/29
Bonnie,Webb,(475)-732-9253,2021/06/12
Mary,Brown,(908)-299-4719,1993/06/25
Karen,Romero,(868)-668-5229,2005/01/30
Margaret,Reed,(370)-494-0095,1981/07/17
Patricia,Blair,(460)-224-3418,1988/03/24
Edwin,Ortiz,(830)-181-8128,1972/04/06
Brian,Braun,(894)-292-3784,1981/01/29
Megan,Johnson,(654)-465-5087,2007/05/07
Isaac,Armstrong,(632)-190-6113,2011/02/21
Joel,Cunningham,(401)-373-2034,2014/05/21
Rebecca,Long,(985)-322-7897,1993/07/06
Sara,King,(815)-458-2410,1975/11/19
Sandra,Brennan,(741)-833-7683,1988/03/11
Brianna,Perez,(160)-730-3714,2001/05/16
Travis,Logan,(474)-588-7714,2006/02/05
Kathleen,Green,(663)-673-7659,1990/08/16
John,Marsh,(203)-580-8802,2023/12/15
Gregory,Jones,(737)-224-3950,1973/03/22
Darin,Baker,(377)-353-6009,1988/12/21
James,Parker,(692)-658-8315,1983/05/15
Christopher,Wilson,(125)-252-5130,1994/08/13
Amy,Sparks,(999)-011-2611,1995/03/10
Monique,Larsen,(548)-171-1117,1981/03/14
Robert,Fernandez,(570)-106-6497,2015/06/21
Nathan,Edwards,(151)-040-5914,1981/07/20
Chris,Martin,(339)-034-5976,1991/02/27
Sandra,Martin,(264)-245-8178,2002/09/02
Michael,Hall,(451)-116-5235,2011/08/26
Daniel,Lawrence,(541)-451-6969,1997/02/19
Joshua,Williams,(205)-579-7655,1986/04/11
Samuel,Anderson,(388)-677-4025,2004/04/26
Jeremy,Foster,(671)-677-7996,2025/07/30
Jane,Boyd,(434)-756-2461,1997/04/06
Natalie,Valenzuela,(703)-768-3033,1976/10/14
Keith,Goodman,(418)-287-4585,1996/04/15
Anthony,Reilly,(996)-854-4560,1981/01/06
Patrick,Hatfield,(990)-494-6469,2025/09/27
William,Shields,(421)-825-5988,1982/05/28
Thomas,Thompson,(983)-279-6215,1979/11/15
Laura,Patton,(162)-713-8766,2013/04/25
Robert,Roth,(521)-040-0484,2002/07/13
Thomas,Garcia,(331)-695-0981,2020/09/27
Caitlin,Brown,(865)-506-1043,1981/09/30
Eugene,Smith,(385)-447-9936,1994/10/22
Johnathan,Cunningham,(943)-220-5101,2000/01/24
Mark,Porter,(609)-042-8599,2019/07/21
Christopher,Mendoza,(166)-078-6098,1996/07/04
Phillip,Ramos,(975)-420-8123,1995/01/17
Anthony,Martinez,(642)-109-6615,2013/05/15
Johnny,Charles,(340)-029-0467,1976/03/23
Craig,Wang,(140)-461-5726,2008/07/03
Angela,Grimes,(739)-393-1206,1970/01/22
George,Allen,(430)-880-4060,2011/09/12
Tina,Jones,(602)-714-1124,2017/07/28
Rachel,Dudley,(366)-737-0780,2021/12/16
Doris,Wells,(602)-381-2688,2019/06/05
Dennis,Leach,(158)-249-6522,1990/08/28
Jason,Rodgers,(950)-657-4082,2025/06/20
Anna,Butler,(206)-509-6900,2022/10/23
Monica,Rivera,(603)-138-9078,2006/06/30
Steven,Pratt,(380)-004-5261,1977/09/22
Kevin,Gonzalez,(193)-756-8301,1995/12/24
Susan,Roberts,(675)-635-1104,1973/04/05
Jeanette,Watts,(588)-517-7727,2011/08/13
Mark,Fowler,(133)-257-3733,2010/05/09
Cynthia,Keller,(136)-532-3238,2000/04/10
Katherine,Christensen,(751)-414-8342,2023/06/25
David,Martinez,(912)-275-5266,1987/01/22
Carlos,Fischer,(236)-670-5523,1974/06/30
Alan,Harper,(707)-065-8098,1985/08/26
Sarah,Bryant,(771)-813-5628,1972/07/18
Thomas,Torres,(828)-556-7166,2013/09/27
Linda,Thornton,(742)-643-9170,2002/08/08
Hannah,Robertson,(376)-855-9790,1984/04/15
Aaron,Campbell,(520)-565-6198,1990/03/30
Jennifer,Martin,(482)-735-0390,2014/05/30
Mitchell,Ortega,(237)-452-9336,1990/05/20
Michelle,Clark,(742)-109-8431,1990/05/14
Tristan,Shea,(494)-221-2180,2023/08/03
John,Leach,(595)-439-9403,1984/11/14
Jason,Padilla,(891)-524-6392,1991/04/28
Carol,Haley,(353)-172-9543,1973/12/06
Jeanne,Brown,(674)-879-5325,2005/09/03
Richard,Caldwell,(901)-396-9840,1976/03/02
Kenneth,Taylor,(425)-483-4692,2022/04/30
Kayla,Whitaker,(211)-161-5056,1994/01/16
Jamie,Foley,(334)-871-2833,2002/11/02
Amy,Heath,(702)-131-7847,1993/04/09
John,Wilson,(428)-627-3971,2013/10/01
Samuel,Miller,(481)-038-3957,1983/08/08
Diana,Harris,(357)-703-2882,2021/10/03
Nathaniel,Stone,(813)-306-4819,2011/02/23
Tommy,Evans,(752)-409-1461,2020/12/08
Randall,Cook,(263)-006-4848,2000/06/20
Carmen,Webb,(323)-750-6222,2022/11/14
Jeremy,Garcia,(696)-287-3204,1976/12/17
Gregory,Mckinney,(214)-178-1269,1999/07/23
Jade,Guerrero,(965)-086-5579,1986/09/13
Amanda,Williams,(496)-369-8365,1987/04/07
Aaron,Ross,(499)-786-0766,1995/05/24
Amanda,Cruz,(694)-719-1300,2000/07/25
Christopher,Houston,(178)-162-0579,1984/07/20
Taylor,Dunn,(589)-301-7200,2015/06/20
Catherine,Velasquez,(237)-235-6538,1993/08/05
Gerald,Wilson,(242)-483-3317,1971/12/02
Russell,Khan,(760)-625-2262,2011/06/21
Kevin,Wallace,(980)-883-0295,2018/08/30
Wanda,Bauer,(188)-246-2767,1993/09/10
Alexis,Chavez,(858)-282-0049,2002/04/06
Sarah,Oconnor,(674)-466-0330,2006/10/14
Michael,Castillo,(690)-217-0443,1990/08/23
Beverly,Edwards,(464)-526-0420,1996/01/23
Adam,Brown,(335)-492-3759,2008/10/27
Rhonda,Douglas,(815)-082-5265,2025/07/08
Tyler,Young,(126)-286-5357,1976/09/18
Brandon,Thomas,(422)-257-1260,2003/06/07
Pamela,Miller,(883)-569-4835,2002/03/05
Susan,Villanueva,(545)-523-3342,1993/08/29
Christine,Ferguson,(885)-696-7721,2023/01/22
Kenneth,Black,(966)-525-7900,2009/08/09
Brandon,Morrow,(298)-177-0436,1981/01/17
Allison,Calhoun,(622)-094-3849,1983/08/12
David,Campbell,(187)-664-3461,1987/05/09
Kimberly,Jackson,(246)-801-4197,2003/01/10
David,Holder,(223)-639-8234,1976/11/27
Amanda,Zuniga,(449)-367-9581,2001/03/31
Anthony,Fisher,(462)-714-6481,1997/06/06
Bradley,Wyatt,(516)-147-4298,2002/07/13
Amy,Reynolds,(380)-478-4088,1997/05/28
Nicholas,Kirby,(407)-620-8027,1977/06/17
Lisa,Stewart,(852)-566-2786,2019/12/16
Eric,Nguyen,(373)-486-9601,2004/05/19
Andrew,Haas,(158)-787-7832,1985/04/18
Kerry,Atkinson,(356)-033-9767,1994/04/30
Lauren,Adams,(463)-068-9331,1987/09/11
Cynthia,Gutierrez,(310)-594-1088,1971/07/31
Megan,Bates,(477)-497-7169,1992/04/06
Margaret,Bond,(681)-214-8400,1987/02/05
Brianna,Patterson,(863)-487-3393,2006/11/05
Misty,James,(143)-338-3340,1974/02/18
Jessica,Anderson,(448)-106-8263,1991/05/15
Laura,Osborne,(258)-028-3685,2006/11/08
Michelle,Nelson,(748)-583-7429,2019/08/10
Eric,Schneider,(941)-019-8890,1974/02/21
Rachel,Williams,(623)-599-9889,1979/07/17
Brandon,Henry,(775)-501-1893,2000/08/31
Lisa,Fleming,(202)-152-8931,1983/04/06
Hannah,Torres,(603)-630-4805,2021/05/04
Deanna,Patrick,(936)-314-4202,2008/03/29
Melissa,Hernandez,(891)-282-6177,1998/10/17
Walter,Castillo,(690)-542-2509,1970/11/25
Jennifer,Jones,(294)-215-5601,1982/06/22
Brianna,Moreno,(357)-845-2546,2010/03/07
Jonathan,Mcgee,(912)-019-2499,1990/04/10
Rachel,Little,(443)-647-9403,2019/04/24
Juan,Pratt,(420)-203-6308,2013/08/21
Ashley,Mckinney,(658)-826-5828,2018/10/05
Diana,Hayes,(397)-249-6096,1985/05/03
Tammy,Douglas,(829)-261-1985,1988/09/18
Joel,Ferguson,(308)-368-8217,2004/11/03
Marc,Torres,(754)-101-2392,2019/10/07
Brett,Reed,(799)-256-8489,2010/11/28
Laura,Bennett,(585)-785-7046,1992/05/27
Daniel,Hernandez,(613)-039-4591,2021/01/17
Marcia,Mclean,(310)-108-1785,1972/03/07
Christopher,Cook,(270)-563-9272,2003/11/25
Tyler,Gutierrez,(600)-163-0003,2020/07/31
Joseph,Daugherty,(109)-810-7942,2024/08/03
Crystal,Miller,(964)-335-7453,2013/10/01
Nicole,Kelley,(539)-679-6950,1994/06/09
Holly,Brennan,(906)-687-0055,2024/01/24
Danielle,Brooks,(555)-461-2509,2016/03/04
Rachel,Clark,(957)-281-0504,2009/07/04
Michael,Williams,(737)-458-2061,1994/03/12
John,Watson,(914)-562-3961,2010/10/22
Christopher,Sanchez,(158)-741-1834,2007/09/22
Darlene,Castillo,(394)-740-3234,1999/10/09
James,Lambert,(247)-084-1574,2019/01/16
Arthur,Hayden,(695)-684-2433,2005/03/20
Melissa,Butler,(971)-247-5030,2015/05/03
Ashley,Frost,(481)-582-9107,1999/12/12
David,Wilson,(931)-370-0178,1990/09/22
Jessica,Shaffer,(647)-670-9336,1995/01/17
David,Morgan,(110)-539-2726,2012/02/03
Kyle,Lynch,(518)-782-5905,1980/05/17
Rebecca,Vaughan,(447)-474-0799,1992/10/02
Kenneth,Smith,(462)-010-8170,2007/10/30
Nancy,Brown,(743)-363-5848,2012/06/14
Michelle,Stone,(960)-725-5796,2010/06/27
Hayley,Mason,(705)-128-6518,2021/04/16
Mathew,Tucker,(787)-404-7823,1987/05/22
Dawn,Jackson,(977)-620-0330,1991/05/24
Kelly,Campbell,(782)-354-6426,2014/01/31
Catherine,Ruiz,(481)-095-7138,2006/08/08
Mary,Gomez,(667)-330-9899,1988/08/11
Thomas,Church,(566)-572-6355,2002/02/03
Dustin,Whitehead,(688)-305-5445,1977/09/15
Brian,Jacobs,(840)-833-3394,1990/01/18
Felicia,King,(555)-447-8251,2017/01/10
Brian,Harris,(784)-283-3549,2019/06/07
Carolyn,Henson,(770)-687-6717,2008/11/20
Angel,Maxwell,(917)-276-9382,2005/11/08
Jerome,Craig,(391)-118-3327,2010/07/25
Kevin,Greer,(186)-143-9848,2000/01/23
Walter,Hoffman,(430)-545-4463,2005/04/01
Kevin,Chung,(406)-185-7679,1983/07/20
Christopher,Hahn,(952)-798-7103,2025/08/06
Ronald,Waters,(659)-647-8043,1972/07/09
Robert,Choi,(706)-124-7155,2005/09/12
Daniel,Avery,(946)-472-6501,1980/08/12
Richard,Brooks,(380)-240-9719,1997/06/23
Keith,Hall,(432)-092-4801,2024/12/15
Sandy,Key,(710)-679-1036,2002/03/09
Kimberly,Robertson,(410)-567-6704,2016/12/06
Courtney,Rocha,(704)-216-9505,2019/04/02
Tammy,Farley,(527)-515-0244,1982/11/13
Jorge,Serrano,(406)-796-6100,2011/11/10
Debbie,Davis,(875)-003-4609,2017/11/24
Susan,Bruce,(749)-639-2448,2005/12/23
Craig,Hernandez,(595)-034-0533,1989/12/27
Christina,Perez,(475)-800-0270,1975/08/12
Jesse,Savage,(560)-039-0800,2015/02/27
Drew,Reed,(266)-609-9800,1981/12/12
Alexandra,Long,(323)-363-4284,1977/02/24
Jonathan,Park,(838)-647-1618,2003/09/02
Stephen,Thomas,(854)-533-2643,1993/09/08
Denise,Elliott,(388)-454-9978,2014/06/24
Allen,Friedman,(252)-780-3447,2017/04/14
Cody,Houston,(123)-227-0986,1999/08/26
Kristi,Dennis,(592)-636-0098,1986/03/18
Jessica,Burch,(786)-841-1506,1989/12/21
Dale,White,(293)-554-9381,1992/10/06
Elizabeth,Howard,(610)-004-6425,1983/02/25
Ashley,Holland,(534)-195-3455,1986/09/03
Rose,Smith,(346)-016-3068,1990/02/05
Joseph,Torres,(781)-642-0631,1990/09/10
John,Fitzpatrick,(106)-701-9634,1971/07/27
Howard,Barnett,(412)-688-5895,2004/08/13
Evan,Smith,(922)-120-1180,1991/09/22
Kari,Brown,(242)-706-2885,2004/02/17
Daniel,Williams,(534)-428-6406,1992/06/20
Kelsey,Greene,(268)-371-7510,1979/01/19
Melissa,Shaw,(509)-586-7969,2023/10/28
Zachary,West,(790)-366-3076,2021/12/01
Samuel,Perry,(312)-850-1043,1987/03/18
Melanie,Richardson,(744)-649-9087,2000/12/26
Alexa,Preston,(517)-199-8576,1992/08/30
Frank,Christensen,(451)-477-0335,2020/04/11
John,Duncan,(546)-091-3326,2005/12/07
Jenny,Sellers,(213)-156-8135,2016/08/25
Joseph,Smith,(410)-492-8120,2020/01/11
Gina,Massey,(858)-630-9610,2007/03/15
Pamela,Adams,(891)-040-6648,2018/06/22
Wendy,Welch,(883)-381-0027,1985/07/20
Lee,Murphy,(267)-646-3324,1995/04/03
Loretta,Johnson,(105)-247-5873,1991/07/06
Elizabeth,Garcia,(368)-228-1774,2006/12/07
Mark,Koch,(556)-714-1893,1994/12/03
Brianna,Blake,(332)-782-4864,1987/07/21
Matthew,Lopez,(411)-791-0024,1976/06/08
Stephanie,Washington,(516)-108-5278,2025/05/18
Ashley,Baker,(478)-048-9804,1975/05/26
Colin,Willis,(309)-647-1297,2020/10/26
Jennifer,Valentine,(899)-029-6686,2010/09/22
Tammy,Curtis,(322)-805-3200,1972/12/02
Deanna,Wells,(270)-024-5232,1978/12/14
Andrew,Smith,(773)-752-8537,1995/11/14
Jennifer,Clark,(201)-347-7640,2009/03/12
Mary,Hahn,(224)-605-2093,1974/01/06
Christopher,Johnson,(816)-137-6460,1982/09/19
Steve,Ryan,(339)-397-8399,2015/04/01
Robert,Knight,(670)-233-4897,2000/08/07
John,Leonard,(414)-679-2874,1992/05/18
Steven,Carter,(803)-184-5792,2009/04/21
Kathleen,Luna,(649)-575-2465,1983/07/15
Rachel,Campbell,(592)-655-2214,1981/08/25
Christy,Friedman,(418)-787-7430,1980/04/04
Jerry,Mccormick,(891)-393-3434,1981/05/19
Isaac,Harrison,(953)-458-7909,1996/03/22
Brendan,Raymond,(655)-174-4376,2007/10/10
Molly,Mcdaniel,(785)-829-8043,2012/04/06
Michelle,Phillips,(408)-611-4817,2010/04/09
Samantha,Scott,(702)-839-3746,2021/03/29
Matthew,Ford,(188)-391-4343,2003/08/04
Allison,Miller,(439)-518-2066,1973/07/12
Edwin,Love,(539)-073-0959,2012/05/03
Barry,Mcdonald,(805)-511-3536,2013/01/14
Joan,Schultz,(696)-853-0927,2018/02/06
Nancy,Fisher,(858)-409-9096,1976/04/06
Joe,Wright,(930)-069-4722,1987/11/04
Brandi,Nguyen,(875)-869-3600,2004/04/11
Vanessa,Baxter,(697)-155-2256,2011/09/11
Jeremy,Bailey,(823)-029-5929,2006/06/04
Michael,Austin,(619)-583-9495,1974/11/01
Justin,Cherry,(169)-581-7075,2009/01/24
Tom,Warren,(282)-601-2879,2019/11/16
Tonya,Pitts,(610)-879-7560,1996/08/06
Andrea,Williamson,(102)-250-6261,1997/08/23
Keith,Lindsey,(726)-819-3678,2003/02/04
Ricardo,Frank,(227)-709-8793,2024/03/27
Heidi,Chen,(740)-435-5942,1995/09/19
Daniel,Powell,(727)-511-9273,2020/02/13
Cory,Schultz,(520)-615-6151,2007/09/24
Christopher,Vega,(899)-063-6750,1986/12/01
Chad,Gonzalez,(195)-162-3200,1988/08/11
Cassandra,Herrera,(344)-624-6634,1993/01/05
Martin,Delacruz,(820)-061-5604,2013/11/26
Jason,Williams,(553)-464-5077,1976/03/29
Kimberly,West,(523)-850-5376,2019/10/05
Paige,Molina,(682)-645-1270,1976/03/16
Mary,Jones,(616)-220-6921,1986/07/26
Trevor,French,(360)-742-5025,1976/09/14
Lorraine,Olsen,(151)-772-8552,1975/09/14
Jason,Gallegos,(114)-634-1978,2022/12/23
Jill,Arroyo,(706)-176-3693,2024/08/07
Maureen,Meyer,(889)-059-9341,1999/11/05
Kiara,Gonzales,(157)-801-4940,1984/10/30
Richard,Ross,(908)-059-3772,1979/11/27
Amy,Howard,(356)-099-5752,1983/04/19
Patricia,Mcknight,(560)-419-8618,2017/04/02
Jason,Rodriguez,(436)-625-6017,2021/11/23
Michael,Smith,(265)-267-0666,2012/11/06
Kimberly,Burgess,(208)-294-3203,1973/09/11
Rose,Page,(976)-049-4997,2005/08/28
John,Robinson,(602)-602-6863,1988/08/16
Wendy,Walls,(317)-519-2483,1976/11/23
Daniel,Wolf,(890)-383-6500,2023/10/11
John,Sanchez,(936)-694-6524,2017/11/13
Julia,Boyer,(554)-310-5686,2022/08/15
Kerry,Martin,(513)-415-2337,1981/09/29
Kristine,Johnson,(515)-641-7755,1975/08/28
James,Jackson,(724)-440-0821,2017/03/22
Mark,Salazar,(739)-410-5043,1993/07/26
Christy,Galvan,(619)-070-7524,2024/03/28
William,Patrick,(358)-198-7162,1996/07/07
Laura,Richards,(875)-342-6973,2025/10/05
Derek,Anthony,(838)-679-8812,1986/10/16
David,Jimenez,(750)-687-3620,1974/03/12
Kristin,Banks,(628)-517-0303,1983/03/05
Victoria,Barnett,(912)-656-7746,1995/01/07
Eric,Davis,(680)-095-0717,2010/07/08
Ruth,Weber,(428)-407-1496,1995/06/17
Lori,Gibson,(134)-037-6889,2006/07/29
Elizabeth,Johnson,(757)-235-2894,1970/03/07
Stephanie,King,(988)-855-5702,1976/11/19
Brian,Griffin,(312)-812-9928,1993/03/17
James,Torres,(878)-693-0653,1991/10/21
Sandra,Roberts,(876)-520-1445,1977/12/31
Nicole,English,(856)-581-8821,2022/09/27
Ryan,Gates,(216)-585-9296,1980/05/28
Evan,Griffin,(467)-024-9108,1974/12/02
Jason,King,(127)-480-7128,2008/03/05
Brian,Johnston,(452)-615-7007,2006/04/30
Mary,Moran,(987)-360-5431,2010/03/13
Catherine,Gallagher,(242)-464-8614,2005/08/31
Abigail,Walton,(431)-607-0073,2015/04/07
Ashley,Thompson,(624)-775-7520,2018/10/08
Jason,Stephens,(701)-087-0486,1977/07/07
Brittany,Mitchell,(507)-394-9839,1996/05/03
Cory,Ray,(848)-580-7665,2007/06/10
Autumn,Gonzalez,(275)-108-5736,2012/12/12
Matthew,Randall,(600)-701-1604,1981/06/15
Jason,Rush,(889)-266-0593,1996/08/13
Samantha,Snyder,(972)-109-8141,2022/10/29
Thomas,Garcia,(876)-465-0266,1979/03/06
Kathleen,Brown,(425)-797-7377,2012/10/01
Timothy,Stark,(362)-202-2264,1971/12/30
David,Franklin,(546)-522-1974,1986/12/28
Jennifer,Williams,(443)-754-8105,2010/12/14
Greg,Simpson,(770)-458-3314,1989/12/02
Jessica,Miller,(963)-162-6440,1978/08/16
Kristin,Espinoza,(853)-650-3736,2003/04/01
William,Sanders,(513)-035-1928,2017/02/23
Neil,James,(694)-699-7006,1978/05/25
Frank,Smith,(371)-113-3605,2019/06/10
Grace,Kirby,(719)-286-6854,1986/12/14
Lauren,Holt,(857)-368-9548,1996/11/08
Kathryn,Williams,(403)-779-8133,1973/03/13
